id,name,age,city
1,John,30,New York
2,Jane,25,San Francisco
3,Michael,35,Chicago
4,Emily,28,Los Angeles
5,David,40,Miami
6,Sophia,22,Boston
7,Liam,45,Houston
8,Olivia,29,Seattle
9,Noah,32,Denver
10,Emma,27,Portland
11,James,31,Las Vegas
12,Ava,23,Phoenix
13,Elijah,38,Austin
14,Isabella,26,San Diego
15,Mason,34,San Jose
16,Mia,21,Dallas
17,Logan,36,Atlanta
18,Amelia,24,Philadelphia
19,Lucas,33,San Antonio
20,Harper,39,Indianapolis
21,Henry,37,Columbus
22,Evelyn,41,Charlotte
23,Alexander,28,Fort Worth
24,Abigail,30,Detroit
25,William,25,El Paso
26,Sophia,22,Memphis
27,Daniel,45,Nashville
28,Charlotte,29,Baltimore
29,Matthew,32,Milwaukee
30,Avery,27,Albuquerque
31,Benjamin,31,Tucson
32,Scarlett,23,Fresno
33,Jacob,38,Sacramento
34,Victoria,26,New Orleans
35,Michael,34,Cleveland
36,Aria,21,San Francisco
37,Ethan,36,Kansas City
38,Grace,24,Virginia Beach
39,David,33,Colorado Springs
40,Chloe,39,Miami
41,Joseph,37,Omaha
42,Penelope,41,Oakland
43,Samuel,28,Minneapolis
44,Riley,30,Tulsa
45,Jackson,25,Arlington
46,Leah,22,Wichita
47,Sebastian,45,Bakersfield
48,Zoe,29,Aurora
49,Owen,32,Honolulu
50,Stella,27,Anchorage
